{
	"format_version": "1.21.11",
	"credit": "DailyChiefGuy",
	"texture_size": [64, 64],
	"textures": {
		"0": "item/chainsaw",
		"particle": "item/chainsaw"
	},
	"elements": [
		{
			"from": [5, 2, 9.5],
			"to": [11, 7, 12.5],
			"faces": {
				"north": {"uv": [0, 0, 4, 3], "texture": "#0"},
				"east": {"uv": [0, 0, 4, 3], "texture": "#0"},
				"south": {"uv": [0, 0, 4, 3], "texture": "#0"},
				"west": {"uv": [0, 0, 4, 3], "texture": "#0"},
				"up": {"uv": [0, 8, 4, 10], "texture": "#0"},
				"down": {"uv": [6, 0, 10, 3], "texture": "#0"}
			}
		},
		{
			"from": [5, 7, 9.25],
			"to": [11, 7.4, 13],
			"faces": {
				"north": {"uv": [6, 0, 10, 3], "texture": "#0"},
				"east": {"uv": [6, 0, 10, 3], "texture": "#0"},
				"south": {"uv": [6, 0, 10, 3], "texture": "#0"},
				"west": {"uv": [6, 0, 10, 3], "texture": "#0"},
				"up": {"uv": [6, 0, 10, 3], "texture": "#0"},
				"down": {"uv": [0, 0, 4, 3], "texture": "#0"}
			}
		},
		{
			"from": [5, 3, 12.5],
			"to": [11, 7, 14],
			"faces": {
				"north": {"uv": [4, 4, 8, 8], "texture": "#0"},
				"east": {"uv": [4, 4, 8, 8], "texture": "#0"},
				"south": {"uv": [4, 4, 8, 8], "texture": "#0"},
				"west": {"uv": [4, 4, 8, 8], "texture": "#0"},
				"up": {"uv": [6, 0, 10, 3], "texture": "#0"},
				"down": {"uv": [4, 4, 8, 8], "texture": "#0"}
			}
		},
		{
			"from": [11, 3.5, 10],
			"to": [12.5, 6, 12],
			"faces": {
				"north": {"uv": [8, 4, 12, 6], "texture": "#0"},
				"east": {"uv": [8, 4, 12, 6], "texture": "#0"},
				"south": {"uv": [8, 4, 12, 6], "texture": "#0"},
				"west": {"uv": [8, 4, 12, 6], "texture": "#0"},
				"up": {"uv": [8, 4, 12, 6], "texture": "#0"},
				"down": {"uv": [8, 4, 12, 6], "texture": "#0"}
			}
		},
		{
			"from": [4, 8.5, 9],
			"to": [12, 9.5, 10],
			"rotation": {"angle": 0, "axis": "y", "origin": [0, 0.5, 0]},
			"faces": {
				"north": {"uv": [0, 4, 4, 8], "texture": "#0"},
				"east": {"uv": [0, 4, 4, 8], "texture": "#0"},
				"south": {"uv": [0, 4, 4, 8], "texture": "#0"},
				"west": {"uv": [0, 4, 4, 8], "texture": "#0"},
				"up": {"uv": [0, 4, 4, 8], "texture": "#0"},
				"down": {"uv": [0, 4, 4, 8], "texture": "#0"}
			}
		},
		{
			"from": [4, 4, 9],
			"to": [5, 8.5, 10],
			"faces": {
				"north": {"uv": [0, 4, 4, 8], "texture": "#0"},
				"east": {"uv": [0, 4, 4, 8], "texture": "#0"},
				"south": {"uv": [0, 4, 4, 8], "texture": "#0"},
				"west": {"uv": [0, 4, 4, 8], "texture": "#0"},
				"up": {"uv": [0, 4, 4, 8], "texture": "#0"},
				"down": {"uv": [0, 4, 4, 8], "texture": "#0"}
			}
		},
		{
			"from": [11, 4, 9],
			"to": [12, 8.5, 10],
			"faces": {
				"north": {"uv": [0, 4, 4, 8], "texture": "#0"},
				"east": {"uv": [0, 4, 4, 8], "texture": "#0"},
				"south": {"uv": [0, 4, 4, 8], "texture": "#0"},
				"west": {"uv": [0, 4, 4, 8], "texture": "#0"},
				"up": {"uv": [0, 4, 4, 8], "texture": "#0"},
				"down": {"uv": [0, 4, 4, 8], "texture": "#0"}
			}
		},
		{
			"from": [6, 0, 11.5],
			"to": [10, 2.5, 13.5],
			"faces": {
				"north": {"uv": [0, 4, 4, 8], "texture": "#0"},
				"east": {"uv": [0, 4, 4, 8], "texture": "#0"},
				"south": {"uv": [0, 4, 4, 8], "texture": "#0"},
				"west": {"uv": [0, 4, 4, 8], "texture": "#0"},
				"up": {"uv": [0, 4, 4, 8], "texture": "#0"},
				"down": {"uv": [0, 4, 4, 8], "texture": "#0"}
			}
		},
		{
			"from": [6.5, 2, 11.5],
			"to": [9.5, 3, 12.5],
			"faces": {
				"north": {"uv": [0, 0, 4, 3], "texture": "#0"},
				"east": {"uv": [0, 4, 4, 8], "texture": "#0"},
				"south": {"uv": [0, 0, 4, 3], "texture": "#0"},
				"west": {"uv": [0, 4, 4, 8], "texture": "#0"},
				"up": {"uv": [0, 0, 4, 3], "texture": "#0"},
				"down": {"uv": [0, 4, 4, 8], "texture": "#0"}
			}
		},
		{
			"from": [5.25, 6, 10],
			"to": [9, 13, 11],
			"faces": {
				"north": {"uv": [10, 0, 16, 2], "texture": "#0"},
				"east": {"uv": [10, 0, 16, 2], "texture": "#0"},
				"south": {"uv": [10, 0, 16, 2], "texture": "#0"},
				"west": {"uv": [10, 0, 16, 2], "texture": "#0"},
				"up": {"uv": [10, 0, 16, 2], "texture": "#0"},
				"down": {"uv": [10, 0, 16, 2], "texture": "#0"}
			}
		},
		{
			"from": [5.25, 13, 10],
			"to": [9, 21, 11],
			"faces": {
				"north": {"uv": [10, 0, 16, 2], "texture": "#0"},
				"east": {"uv": [10, 0, 16, 2], "texture": "#0"},
				"south": {"uv": [10, 0, 16, 2], "texture": "#0"},
				"west": {"uv": [10, 0, 16, 2], "texture": "#0"},
				"up": {"uv": [10, 0, 16, 2], "texture": "#0"},
				"down": {"uv": [10, 0, 16, 2], "texture": "#0"}
			}
		},
		{
			"from": [9.5, 5.5, 9.5],
			"to": [10, 7.5, 10.5],
			"faces": {
				"north": {"uv": [4, 8, 8, 10], "texture": "#0"},
				"east": {"uv": [4, 8, 8, 10], "texture": "#0"},
				"south": {"uv": [4, 8, 8, 10], "texture": "#0"},
				"west": {"uv": [4, 8, 8, 10], "texture": "#0"},
				"up": {"uv": [4, 8, 8, 10], "texture": "#0"},
				"down": {"uv": [4, 8, 8, 10], "texture": "#0"}
			}
		},
		{
			"from": [6.25, 5.5, 12],
			"to": [6.25, 7.5, 12],
			"faces": {
				"north": {"uv": [4, 8, 8, 10], "texture": "#0"},
				"east": {"uv": [4, 8, 8, 10], "texture": "#0"},
				"south": {"uv": [4, 8, 8, 10], "texture": "#0"},
				"west": {"uv": [4, 8, 8, 10], "texture": "#0"},
				"up": {"uv": [4, 8, 8, 10], "texture": "#0"},
				"down": {"uv": [4, 8, 8, 10], "texture": "#0"}
			}
		},
		{
			"from": [5.5, 4, 9],
			"to": [10.5, 7.5, 9.8],
			"faces": {
				"north": {"uv": [6, 0, 10, 3], "texture": "#0"},
				"east": {"uv": [6, 0, 10, 3], "texture": "#0"},
				"south": {"uv": [6, 0, 10, 3], "texture": "#0"},
				"west": {"uv": [6, 0, 10, 3], "texture": "#0"},
				"up": {"uv": [6, 0, 10, 3], "texture": "#0"},
				"down": {"uv": [6, 0, 10, 3], "texture": "#0"}
			}
		}
	],
	"gui_light": "front",
	"display": {
		"thirdperson_righthand": {
			"rotation": [136.06, -77.09, 163.11],
			"translation": [3, -1.75, -2.25],
			"scale": [0.99922, 0.99922, 0.99922]
		},
		"thirdperson_lefthand": {
			"rotation": [136.06, -77.09, 163.11],
			"translation": [3, -1.75, -2.25],
			"scale": [0.99922, 0.99922, 0.99922]
		},
		"firstperson_righthand": {
			"rotation": [109.44, -75.87, 179.73],
			"translation": [4.25, 2.5, -2.25]
		},
		"firstperson_lefthand": {
			"rotation": [109.44, -75.87, 179.73],
			"translation": [4.25, 2.5, -2.25]
		},
		"ground": {
			"rotation": [0, 0, 90],
			"translation": [0, 2, 0],
			"scale": [0.17773, 0.17773, 0.17773]
		},
		"gui": {
			"rotation": [-105.16, -59.03, -102],
			"translation": [0.5, -2.75, 0],
			"scale": [0.80586, 0.80586, 0.80586]
		},
		"head": {
			"rotation": [-90.25, 0, 0],
			"translation": [0, 0, -7.75],
			"scale": [4, 4, 4]
		},
		"fixed": {
			"rotation": [-140.5, 26.21, 115.02],
			"translation": [0, -3.25, 0]
		},
		"on_shelf": {
			"rotation": [-119.63, -68.37, -117.89],
			"translation": [1.75, 0, 0]
		}
	}
}