{
	"format_version": "1.21.11",
	"credit": "Lawn Mower model",
	"texture_size": [64, 64],
	"textures": {
		"1": "item/lawn_mower",
		"particle": "item/lawn_mower"
	},
	"elements": [
		{
			"name": "part",
			"from": [3, 1.5, 5],
			"to": [13, 4, 14],
			"rotation": {"angle": 0, "axis": "y", "origin": [8, 2.75, 9.5]},
			"faces": {
				"north": {"uv": [0, 0, 5, 1.5], "texture": "#1"},
				"east": {"uv": [0, 0, 5, 1.5], "texture": "#1"},
				"south": {"uv": [0, 0, 5, 1.5], "texture": "#1"},
				"west": {"uv": [0, 0, 5, 1.5], "texture": "#1"},
				"up": {"uv": [0, 12, 5, 14], "texture": "#1"},
				"down": {"uv": [0, 3, 5, 6], "texture": "#1"}
			}
		},
		{
			"name": "part",
			"from": [3.5, 1, 4],
			"to": [12.5, 2, 5.5],
			"rotation": {"angle": 0, "axis": "y", "origin": [8, 1.5, 4.75]},
			"faces": {
				"north": {"uv": [0, 0, 5, 0.5], "texture": "#1"},
				"east": {"uv": [0, 0, 1, 0.5], "texture": "#1"},
				"south": {"uv": [0, 0, 5, 0.5], "texture": "#1"},
				"west": {"uv": [0, 0, 1, 0.5], "texture": "#1"},
				"up": {"uv": [0, 12, 5, 13], "texture": "#1"},
				"down": {"uv": [0, 3, 5, 4], "texture": "#1"}
			}
		},
		{
			"name": "part",
			"from": [4, 1.2, 7],
			"to": [12, 1.5, 12],
			"rotation": {"angle": 0, "axis": "y", "origin": [8, 1.35, 9.5]},
			"faces": {
				"north": {"uv": [12, 4, 16, 5], "texture": "#1"},
				"east": {"uv": [12, 4, 14, 5], "texture": "#1"},
				"south": {"uv": [12, 4, 16, 5], "texture": "#1"},
				"west": {"uv": [12, 4, 14, 5], "texture": "#1"},
				"up": {"uv": [12, 4, 16, 6], "texture": "#1"},
				"down": {"uv": [0, 3, 4, 6], "texture": "#1"}
			}
		},
		{
			"name": "part",
			"from": [5, 4, 7],
			"to": [11, 7.5, 12],
			"rotation": {"angle": 0, "axis": "y", "origin": [8, 5.75, 9.5]},
			"faces": {
				"north": {"uv": [8, 0, 11, 2], "texture": "#1"},
				"east": {"uv": [8, 0, 11, 2], "texture": "#1"},
				"south": {"uv": [8, 0, 11, 2], "texture": "#1"},
				"west": {"uv": [8, 0, 11, 2], "texture": "#1"},
				"up": {"uv": [8, 6, 12, 8], "texture": "#1"},
				"down": {"uv": [8, 0, 11, 2], "texture": "#1"}
			}
		},
		{
			"name": "part",
			"from": [5.5, 7, 7.5],
			"to": [10.5, 8, 11.5],
			"rotation": {"angle": 0, "axis": "y", "origin": [8, 7.5, 9.5]},
			"faces": {
				"north": {"uv": [8, 0, 11, 1], "texture": "#1"},
				"east": {"uv": [8, 0, 10, 1], "texture": "#1"},
				"south": {"uv": [8, 0, 11, 1], "texture": "#1"},
				"west": {"uv": [8, 0, 10, 1], "texture": "#1"},
				"up": {"uv": [8, 6, 12, 8], "texture": "#1"},
				"down": {"uv": [8, 6, 12, 8], "texture": "#1"}
			}
		},
		{
			"name": "part",
			"from": [2, 0, 5.25],
			"to": [4, 3, 8.25],
			"rotation": {"angle": 0, "axis": "y", "origin": [3, 1.5, 6.25]},
			"faces": {
				"north": {"uv": [12, 0, 13, 2], "texture": "#1"},
				"east": {"uv": [12, 0, 14, 2], "texture": "#1"},
				"south": {"uv": [12, 0, 13, 2], "texture": "#1"},
				"west": {"uv": [12, 2, 14, 4], "texture": "#1"},
				"up": {"uv": [12, 0, 13, 2], "texture": "#1"},
				"down": {"uv": [12, 0, 13, 2], "texture": "#1"}
			}
		},
		{
			"name": "part",
			"from": [12, 0, 5.25],
			"to": [14, 3, 8.25],
			"rotation": {"angle": 0, "axis": "y", "origin": [13, 1.5, 6.25]},
			"faces": {
				"north": {"uv": [12, 0, 13, 2], "texture": "#1"},
				"east": {"uv": [12, 2, 14, 4], "texture": "#1"},
				"south": {"uv": [12, 0, 13, 2], "texture": "#1"},
				"west": {"uv": [12, 0, 14, 2], "texture": "#1"},
				"up": {"uv": [12, 0, 13, 2], "texture": "#1"},
				"down": {"uv": [12, 0, 13, 2], "texture": "#1"}
			}
		},
		{
			"name": "part",
			"from": [2, 0, 11],
			"to": [4, 3.5, 14.5],
			"rotation": {"angle": 0, "axis": "y", "origin": [3, 1.75, 13.25]},
			"faces": {
				"north": {"uv": [12, 0, 13, 2], "texture": "#1"},
				"east": {"uv": [12, 0, 14, 2], "texture": "#1"},
				"south": {"uv": [12, 0, 13, 2], "texture": "#1"},
				"west": {"uv": [12, 2, 14, 4], "texture": "#1"},
				"up": {"uv": [12, 0, 13, 2], "texture": "#1"},
				"down": {"uv": [12, 0, 13, 2], "texture": "#1"}
			}
		},
		{
			"name": "part",
			"from": [12, 0, 11],
			"to": [14, 3.5, 14.5],
			"rotation": {"angle": 0, "axis": "y", "origin": [13, 1.75, 13.25]},
			"faces": {
				"north": {"uv": [12, 0, 13, 2], "texture": "#1"},
				"east": {"uv": [12, 2, 14, 4], "texture": "#1"},
				"south": {"uv": [12, 0, 13, 2], "texture": "#1"},
				"west": {"uv": [12, 0, 14, 2], "texture": "#1"},
				"up": {"uv": [12, 0, 13, 2], "texture": "#1"},
				"down": {"uv": [12, 0, 13, 2], "texture": "#1"}
			}
		},
		{
			"name": "part",
			"from": [3.5, 1, 5.5],
			"to": [12.5, 1.8, 6.5],
			"rotation": {"angle": 0, "axis": "y", "origin": [8, 1.4, 6]},
			"faces": {
				"north": {"uv": [12, 4, 16, 5], "texture": "#1"},
				"east": {"uv": [12, 4, 13, 5], "texture": "#1"},
				"south": {"uv": [12, 4, 16, 5], "texture": "#1"},
				"west": {"uv": [12, 4, 13, 5], "texture": "#1"},
				"up": {"uv": [12, 4, 16, 5], "texture": "#1"},
				"down": {"uv": [12, 4, 16, 5], "texture": "#1"}
			}
		},
		{
			"name": "part",
			"from": [3.5, 1, 12.5],
			"to": [12.5, 1.8, 13.5],
			"rotation": {"angle": 0, "axis": "y", "origin": [8, 1.4, 13]},
			"faces": {
				"north": {"uv": [12, 4, 16, 5], "texture": "#1"},
				"east": {"uv": [12, 4, 13, 5], "texture": "#1"},
				"south": {"uv": [12, 4, 16, 5], "texture": "#1"},
				"west": {"uv": [12, 4, 13, 5], "texture": "#1"},
				"up": {"uv": [12, 4, 16, 5], "texture": "#1"},
				"down": {"uv": [12, 4, 16, 5], "texture": "#1"}
			}
		},
		{
			"name": "part",
			"from": [4, 3.5, 13],
			"to": [5, 6, 14],
			"rotation": {"angle": 22.5, "axis": "x", "origin": [4.5, 3.5, 13.5]},
			"faces": {
				"north": {"uv": [0, 6, 1, 10], "texture": "#1"},
				"east": {"uv": [0, 6, 1, 10], "texture": "#1"},
				"south": {"uv": [0, 6, 1, 10], "texture": "#1"},
				"west": {"uv": [0, 6, 1, 10], "texture": "#1"},
				"up": {"uv": [0, 6, 1, 7], "texture": "#1"},
				"down": {"uv": [0, 6, 1, 7], "texture": "#1"}
			}
		},
		{
			"name": "part",
			"from": [11, 3.5, 13],
			"to": [12, 6, 14],
			"rotation": {"angle": 22.5, "axis": "x", "origin": [11.5, 3.5, 13.5]},
			"faces": {
				"north": {"uv": [0, 6, 1, 10], "texture": "#1"},
				"east": {"uv": [0, 6, 1, 10], "texture": "#1"},
				"south": {"uv": [0, 6, 1, 10], "texture": "#1"},
				"west": {"uv": [0, 6, 1, 10], "texture": "#1"},
				"up": {"uv": [0, 6, 1, 7], "texture": "#1"},
				"down": {"uv": [0, 6, 1, 7], "texture": "#1"}
			}
		},
		{
			"name": "part",
			"from": [4, 6.275, 11.675],
			"to": [5, 8.775, 12.675],
			"rotation": {"angle": 22.5, "axis": "x", "origin": [4.5, 0.275, 12.175]},
			"faces": {
				"north": {"uv": [1, 6, 2, 10], "texture": "#1"},
				"east": {"uv": [1, 6, 2, 10], "texture": "#1"},
				"south": {"uv": [1, 6, 2, 10], "texture": "#1"},
				"west": {"uv": [1, 6, 2, 10], "texture": "#1"},
				"up": {"uv": [0, 6, 1, 7], "texture": "#1"},
				"down": {"uv": [0, 6, 1, 7], "texture": "#1"}
			}
		},
		{
			"name": "part",
			"from": [11, 6.275, 11.675],
			"to": [12, 8.775, 12.675],
			"rotation": {"angle": 22.5, "axis": "x", "origin": [11.5, 0.275, 12.175]},
			"faces": {
				"north": {"uv": [1, 6, 2, 10], "texture": "#1"},
				"east": {"uv": [1, 6, 2, 10], "texture": "#1"},
				"south": {"uv": [1, 6, 2, 10], "texture": "#1"},
				"west": {"uv": [1, 6, 2, 10], "texture": "#1"},
				"up": {"uv": [0, 6, 1, 7], "texture": "#1"},
				"down": {"uv": [0, 6, 1, 7], "texture": "#1"}
			}
		},
		{
			"name": "part",
			"from": [4, 9.775, 10.675],
			"to": [12, 10.775, 11.675],
			"rotation": {"angle": 22.5, "axis": "x", "origin": [8, -2.225, 11.175]},
			"faces": {
				"north": {"uv": [0, 6, 4, 7], "texture": "#1"},
				"east": {"uv": [0, 6, 1, 7], "texture": "#1"},
				"south": {"uv": [0, 6, 4, 7], "texture": "#1"},
				"west": {"uv": [0, 6, 1, 7], "texture": "#1"},
				"up": {"uv": [0, 6, 4, 7], "texture": "#1"},
				"down": {"uv": [0, 6, 4, 7], "texture": "#1"}
			}
		},
		{
			"name": "part",
			"from": [3.5, 8.775, 10.175],
			"to": [5.5, 10.275, 12.175],
			"rotation": {"angle": 22.5, "axis": "x", "origin": [4.5, -2.225, 11.175]},
			"faces": {
				"north": {"uv": [0, 10, 1, 11], "texture": "#1"},
				"east": {"uv": [0, 10, 1, 11], "texture": "#1"},
				"south": {"uv": [0, 10, 1, 11], "texture": "#1"},
				"west": {"uv": [0, 10, 1, 11], "texture": "#1"},
				"up": {"uv": [0, 10, 1, 11], "texture": "#1"},
				"down": {"uv": [0, 10, 1, 11], "texture": "#1"}
			}
		},
		{
			"name": "part",
			"from": [10.5, 8.775, 10.175],
			"to": [12.5, 10.275, 12.175],
			"rotation": {"angle": 22.5, "axis": "x", "origin": [11.5, -2.225, 11.175]},
			"faces": {
				"north": {"uv": [0, 10, 1, 11], "texture": "#1"},
				"east": {"uv": [0, 10, 1, 11], "texture": "#1"},
				"south": {"uv": [0, 10, 1, 11], "texture": "#1"},
				"west": {"uv": [0, 10, 1, 11], "texture": "#1"},
				"up": {"uv": [0, 10, 1, 11], "texture": "#1"},
				"down": {"uv": [0, 10, 1, 11], "texture": "#1"}
			}
		},
		{
			"name": "part",
			"from": [12.5, 2, 8],
			"to": [15, 4.5, 12],
			"rotation": {"angle": 0, "axis": "y", "origin": [13, 3, 10]},
			"faces": {
				"north": {"uv": [4, 6, 6, 8], "texture": "#1"},
				"east": {"uv": [4, 6, 6, 8], "texture": "#1"},
				"south": {"uv": [4, 6, 6, 8], "texture": "#1"},
				"west": {"uv": [4, 6, 6, 8], "texture": "#1"},
				"up": {"uv": [4, 6, 6, 8], "texture": "#1"},
				"down": {"uv": [4, 6, 6, 8], "texture": "#1"}
			}
		},
		{
			"name": "part",
			"from": [14, 2, 8.5],
			"to": [15.5, 5, 11.5],
			"rotation": {"angle": -22.5, "axis": "z", "origin": [14.5, 4.5, 10]},
			"faces": {
				"north": {"uv": [4, 6, 5, 8], "texture": "#1"},
				"east": {"uv": [4, 6, 6, 8], "texture": "#1"},
				"south": {"uv": [4, 6, 5, 8], "texture": "#1"},
				"west": {"uv": [4, 6, 6, 8], "texture": "#1"},
				"up": {"uv": [4, 6, 6, 8], "texture": "#1"},
				"down": {"uv": [4, 6, 6, 8], "texture": "#1"}
			}
		},
		{
			"name": "part",
			"from": [5.5, 4.01, 5.5],
			"to": [10.5, 4.02, 7],
			"rotation": {"angle": 0, "axis": "y", "origin": [8, 4, 6]},
			"faces": {
				"north": {"uv": [4, 8, 6, 9], "texture": "#1"},
				"east": {"uv": [4, 8, 5, 9], "texture": "#1"},
				"south": {"uv": [4, 8, 6, 9], "texture": "#1"},
				"west": {"uv": [4, 8, 5, 9], "texture": "#1"},
				"up": {"uv": [4, 8, 8, 10], "texture": "#1"},
				"down": {"uv": [4, 8, 8, 10], "texture": "#1"}
			}
		}
	],
	"gui_light": "front",
	"display": {
		"thirdperson_righthand": {
			"rotation": [67.5, 0, 0],
			"translation": [-5.75, 7, -5.75],
			"scale": [1.29531, 1.29531, 1.29531]
		},
		"thirdperson_lefthand": {
			"rotation": [75, 0, 0],
			"translation": [0, 2, -2],
			"scale": [0.6, 0.6, 0.6]
		},
		"firstperson_righthand": {
			"rotation": [15, 0, 0],
			"translation": [-9, 2, -12.5],
			"scale": [1.99609, 1.99609, 1.99609]
		},
		"firstperson_lefthand": {
			"rotation": [15, 0, 0],
			"translation": [0, 2, -1],
			"scale": [0.5, 0.5, 0.5]
		},
		"ground": {
			"translation": [0, 2, 0],
			"scale": [1.95313, 1.95313, 1.95313]
		},
		"gui": {
			"rotation": [30, -135, 0],
			"translation": [0, -1, 0],
			"scale": [0.55, 0.55, 0.55]
		},
		"head": {
			"translation": [0, -25.75, -25],
			"scale": [2.36719, 2.36719, 2.36719]
		},
		"fixed": {
			"rotation": [0, -90, 0],
			"scale": [0.7, 0.7, 0.7]
		}
	},
	"groups": [
		{
			"name": "group",
			"origin": [8, 2, 9.5],
			"color": 0,
			"children": [0, 1, 2]
		},
		{
			"name": "group",
			"origin": [8, 6, 9.5],
			"color": 1,
			"children": [3, 4]
		},
		{
			"name": "group",
			"origin": [8, 1.5, 9.5],
			"color": 2,
			"children": [5, 6, 7, 8, 9, 10]
		},
		{
			"name": "group",
			"origin": [8, 10, 13.5],
			"color": 3,
			"children": [11, 12, 13, 14, 15, 16, 17]
		},
		{
			"name": "group",
			"origin": [13, 3, 10],
			"color": 4,
			"children": [18, 19]
		},
		{
			"name": "group",
			"origin": [8, 4, 6],
			"color": 5,
			"children": [20]
		}
	]
}