{
	"format_version": "1.21.11",
	"credit": "Made by DailyChiefGuy",
	"texture_size": [52, 86],
	"textures": {
		"13": "item/cardboard_rod",
		"particle": "item/cardboard_rod"
	},
	"elements": [
		{
			"from": [7, 2, 10],
			"to": [9, 13, 12],
			"rotation": {"angle": 0, "axis": "y", "origin": [7, 0, 10]},
			"faces": {
				"north": {"uv": [0.30769, 0.18605, 0.92308, 2.23256], "texture": "#13"},
				"east": {"uv": [0.92308, 0.18605, 1.53846, 2.23256], "texture": "#13"},
				"south": {"uv": [1.53846, 0.18605, 2.15385, 2.23256], "texture": "#13"},
				"west": {"uv": [2.15385, 0.18605, 2.76923, 2.23256], "texture": "#13"},
				"up": {"uv": [3.38462, 0.55814, 2.76923, 0.18605], "texture": "#13"},
				"down": {"uv": [3.38462, 0.55814, 2.76923, 0.93023], "texture": "#13"}
			}
		},
		{
			"from": [7.1, 12.4, 10.2],
			"to": [8.9, 18.4, 12],
			"rotation": {"angle": -17.5, "axis": "x", "origin": [7, 12.4, 10.1]},
			"faces": {
				"north": {"uv": [0.30769, 3.34884, 0.92308, 4.46512], "texture": "#13"},
				"east": {"uv": [0.92308, 3.34884, 1.53846, 4.46512], "texture": "#13"},
				"south": {"uv": [1.53846, 3.34884, 2.15385, 4.46512], "texture": "#13"},
				"west": {"uv": [0.30769, 4.46512, 0.92308, 5.5814], "texture": "#13"},
				"up": {"uv": [2.76923, 3.72093, 2.15385, 3.34884], "texture": "#13"},
				"down": {"uv": [1.53846, 4.46512, 0.92308, 4.83721], "texture": "#13"}
			}
		},
		{
			"from": [6.5, 5, 9.5],
			"to": [9.5, 10, 12.5],
			"rotation": {"angle": 0, "axis": "y", "origin": [7, 5, 10]},
			"faces": {
				"north": {"uv": [5.53846, 0.18605, 6.46154, 1.11628], "texture": "#13"},
				"east": {"uv": [6.46154, 0.18605, 7.38462, 1.11628], "texture": "#13"},
				"south": {"uv": [5.53846, 1.11628, 6.46154, 2.04651], "texture": "#13"},
				"west": {"uv": [6.46154, 1.11628, 7.38462, 2.04651], "texture": "#13"},
				"up": {"uv": [8.30769, 0.74419, 7.38462, 0.18605], "texture": "#13"},
				"down": {"uv": [8.30769, 0.74419, 7.38462, 1.30233], "texture": "#13"}
			}
		},
		{
			"from": [8, 23.475, 1.65],
			"to": [8.01, 25.475, 2.65],
			"rotation": {"x": 50, "y": 0, "z": 0, "origin": [7, 19.475, 0.65]},
			"faces": {
				"north": {"uv": [5.53846, 3.34884, 6.15385, 4.46512], "texture": "#13"},
				"east": {"uv": [6.15385, 3.34884, 6.76923, 4.46512], "texture": "#13"},
				"south": {"uv": [6.76923, 3.34884, 7.38462, 4.46512], "texture": "#13"},
				"west": {"uv": [5.53846, 4.46512, 6.15385, 5.5814], "texture": "#13"},
				"up": {"uv": [8, 3.72093, 7.38462, 3.34884], "texture": "#13"},
				"down": {"uv": [6.76923, 4.46512, 6.15385, 4.83721], "texture": "#13"}
			}
		},
		{
			"from": [8.005, 18.425, 7.1],
			"to": [8.005, 21.425, 8.1],
			"rotation": {"angle": -22.5, "axis": "x", "origin": [7, 14.425, 6.1]},
			"faces": {
				"north": {"uv": [5.53846, 3.34884, 6.15385, 4.46512], "texture": "#13"},
				"east": {"uv": [6.15385, 3.34884, 6.76923, 4.46512], "texture": "#13"},
				"south": {"uv": [6.76923, 3.34884, 7.38462, 4.46512], "texture": "#13"},
				"west": {"uv": [5.53846, 4.46512, 6.15385, 5.5814], "texture": "#13"},
				"up": {"uv": [8, 3.72093, 7.38462, 3.34884], "texture": "#13"},
				"down": {"uv": [6.76923, 4.46512, 6.15385, 4.83721], "texture": "#13"}
			}
		},
		{
			"from": [8, 20.5, 12.5],
			"to": [8.01, 23.5, 13.5],
			"rotation": {"x": -90, "y": 0, "z": 0, "origin": [7, 17.5, 11.5]},
			"faces": {
				"north": {"uv": [5.53846, 3.34884, 6.15385, 4.46512], "texture": "#13"},
				"east": {"uv": [6.15385, 3.34884, 6.76923, 4.46512], "texture": "#13"},
				"south": {"uv": [6.76923, 3.34884, 7.38462, 4.46512], "texture": "#13"},
				"west": {"uv": [5.53846, 4.46512, 6.15385, 5.5814], "texture": "#13"},
				"up": {"uv": [8, 3.72093, 7.38462, 3.34884], "texture": "#13"},
				"down": {"uv": [6.76923, 4.46512, 6.15385, 4.83721], "texture": "#13"}
			}
		},
		{
			"from": [8, 17.2, 5.1],
			"to": [8.01, 20.2, 6.1],
			"rotation": {"angle": 35, "axis": "x", "origin": [7, 14.2, 4.1]},
			"faces": {
				"north": {"uv": [5.53846, 3.34884, 6.15385, 4.46512], "texture": "#13"},
				"east": {"uv": [6.15385, 3.34884, 6.76923, 4.46512], "texture": "#13"},
				"south": {"uv": [6.76923, 3.34884, 7.38462, 4.46512], "texture": "#13"},
				"west": {"uv": [5.53846, 4.46512, 6.15385, 5.5814], "texture": "#13"},
				"up": {"uv": [8, 3.72093, 7.38462, 3.34884], "texture": "#13"},
				"down": {"uv": [6.76923, 4.46512, 6.15385, 4.83721], "texture": "#13"}
			}
		},
		{
			"from": [8.005, 13.575, 10.575],
			"to": [8.005, 16.65, 11.575],
			"rotation": {"angle": -32.5, "axis": "x", "origin": [7, 9.575, 9.575]},
			"faces": {
				"north": {"uv": [5.53846, 3.34884, 6.15385, 4.46512], "texture": "#13"},
				"east": {"uv": [6.15385, 3.34884, 6.76923, 4.46512], "texture": "#13"},
				"south": {"uv": [6.76923, 3.34884, 7.38462, 4.46512], "texture": "#13"},
				"west": {"uv": [5.53846, 4.46512, 6.15385, 5.5814], "texture": "#13"},
				"up": {"uv": [8, 3.72093, 7.38462, 3.34884], "texture": "#13"},
				"down": {"uv": [6.76923, 4.46512, 6.15385, 4.83721], "texture": "#13"}
			}
		},
		{
			"from": [8, 17.8, 16.3],
			"to": [8.01, 19.8, 17.3],
			"rotation": {"x": -92.5, "y": 0, "z": 0, "origin": [7, 12.8, 15.3]},
			"faces": {
				"north": {"uv": [5.53846, 3.34884, 6.15385, 4.46512], "texture": "#13"},
				"east": {"uv": [6.15385, 3.34884, 6.76923, 4.46512], "texture": "#13"},
				"south": {"uv": [6.76923, 3.34884, 7.38462, 4.46512], "texture": "#13"},
				"west": {"uv": [5.53846, 4.46512, 6.15385, 5.5814], "texture": "#13"},
				"up": {"uv": [8, 3.72093, 7.38462, 3.34884], "texture": "#13"},
				"down": {"uv": [6.76923, 4.46512, 6.15385, 4.83721], "texture": "#13"}
			}
		},
		{
			"from": [8, 19.1, 16.7],
			"to": [8.01, 21.1, 17.7],
			"rotation": {"x": -115, "y": 0, "z": 0, "origin": [7, 14.1, 15.7]},
			"faces": {
				"north": {"uv": [5.53846, 3.34884, 6.15385, 4.46512], "texture": "#13"},
				"east": {"uv": [6.15385, 3.34884, 6.76923, 4.46512], "texture": "#13"},
				"south": {"uv": [6.76923, 3.34884, 7.38462, 4.46512], "texture": "#13"},
				"west": {"uv": [5.53846, 4.46512, 6.15385, 5.5814], "texture": "#13"},
				"up": {"uv": [8, 3.72093, 7.38462, 3.34884], "texture": "#13"},
				"down": {"uv": [6.76923, 4.46512, 6.15385, 4.83721], "texture": "#13"}
			}
		},
		{
			"from": [8, 18.5, 5.7],
			"to": [8.01, 20.5, 6.7],
			"rotation": {"x": 110, "y": 0, "z": 0, "origin": [7, 13.5, 4.7]},
			"faces": {
				"north": {"uv": [5.53846, 3.34884, 6.15385, 4.46512], "texture": "#13"},
				"east": {"uv": [6.15385, 3.34884, 6.76923, 4.46512], "texture": "#13"},
				"south": {"uv": [6.76923, 3.34884, 7.38462, 4.46512], "texture": "#13"},
				"west": {"uv": [5.53846, 4.46512, 6.15385, 5.5814], "texture": "#13"},
				"up": {"uv": [8, 3.72093, 7.38462, 3.34884], "texture": "#13"},
				"down": {"uv": [6.76923, 4.46512, 6.15385, 4.83721], "texture": "#13"}
			}
		},
		{
			"from": [8.005, 23.15, 8.85],
			"to": [8.005, 26.1, 9.85],
			"rotation": {"x": 160, "y": 0, "z": 0, "origin": [7, 18.1, 7.85]},
			"faces": {
				"north": {"uv": [5.53846, 3.34884, 6.15385, 4.46512], "texture": "#13"},
				"east": {"uv": [6.15385, 3.34884, 6.76923, 4.46512], "texture": "#13"},
				"south": {"uv": [6.76923, 3.34884, 7.38462, 4.46512], "texture": "#13"},
				"west": {"uv": [5.53846, 4.46512, 6.15385, 5.5814], "texture": "#13"},
				"up": {"uv": [8, 3.72093, 7.38462, 3.34884], "texture": "#13"},
				"down": {"uv": [6.76923, 4.46512, 6.15385, 4.83721], "texture": "#13"}
			}
		},
		{
			"from": [7.2, 17.3, 8.2],
			"to": [8.8, 23.3, 9.8],
			"rotation": {"angle": -37.5, "axis": "x", "origin": [7, 18.3, 8]},
			"faces": {
				"north": {"uv": [10.76923, 3.34884, 11.38462, 4.46512], "texture": "#13"},
				"east": {"uv": [11.38462, 3.34884, 12, 4.46512], "texture": "#13"},
				"south": {"uv": [12, 3.34884, 12.61538, 4.46512], "texture": "#13"},
				"west": {"uv": [10.76923, 4.46512, 11.38462, 5.5814], "texture": "#13"},
				"up": {"uv": [13.23077, 3.72093, 12.61538, 3.34884], "texture": "#13"},
				"down": {"uv": [12, 4.46512, 11.38462, 4.83721], "texture": "#13"}
			}
		},
		{
			"from": [9.5, 6.75, 8.5],
			"to": [10.5, 9.75, 11.5],
			"rotation": {"angle": 45, "axis": "x", "origin": [9.5, 6.75, 9.5]},
			"faces": {
				"north": {"uv": [1.23077, 6.51163, 1.53846, 7.06977], "texture": "#13"},
				"east": {"uv": [0.30769, 6.51163, 1.23077, 7.06977], "texture": "#13"},
				"south": {"uv": [1.23077, 7.06977, 1.53846, 7.62791], "texture": "#13"},
				"west": {"uv": [0.30769, 7.06977, 1.23077, 7.62791], "texture": "#13"},
				"up": {"uv": [1.84615, 7.06977, 1.53846, 6.51163], "texture": "#13"},
				"down": {"uv": [1.84615, 7.06977, 1.53846, 7.62791], "texture": "#13"}
			}
		},
		{
			"from": [6.1, 13.2, 13.5],
			"to": [7.1, 14.2, 19.5],
			"rotation": {"x": 152.5, "y": 0, "z": 0, "origin": [6.1, 13.2, 13.5]},
			"faces": {
				"north": {"uv": [11.38462, 6.88372, 11.69231, 7.06977], "texture": "#13"},
				"east": {"uv": [10.76923, 6.51163, 12.61538, 6.69767], "texture": "#13"},
				"south": {"uv": [11.38462, 7.06977, 11.69231, 7.25581], "texture": "#13"},
				"west": {"uv": [10.76923, 6.69767, 12.61538, 6.88372], "texture": "#13"},
				"up": {"uv": [11.07692, 8, 10.76923, 6.88372], "texture": "#13"},
				"down": {"uv": [11.38462, 6.88372, 11.07692, 8], "texture": "#13"}
			}
		},
		{
			"from": [9.525, 15.8, 7.175],
			"to": [10.525, 15.8, 10.175],
			"rotation": {"x": 23.30737, "y": 43.69954, "z": 121.10922, "origin": [9.525, 15.8, 6.175]},
			"faces": {
				"north": {"uv": [5.53846, 6.51163, 5.84615, 6.51163], "texture": "#13"},
				"east": {"uv": [5.53846, 6.51163, 6.46154, 6.51163], "texture": "#13"},
				"south": {"uv": [5.53846, 6.51163, 5.84615, 6.51163], "texture": "#13"},
				"west": {"uv": [5.53846, 6.51163, 6.46154, 6.51163], "texture": "#13"},
				"up": {"uv": [5.84615, 7.06977, 5.53846, 6.51163], "texture": "#13"},
				"down": {"uv": [6.15385, 6.51163, 5.84615, 7.06977], "texture": "#13"}
			}
		},
		{
			"from": [11.525, 15.8, 8.175],
			"to": [12.525, 15.8, 11.175],
			"rotation": {"x": 23.30737, "y": 43.69954, "z": 121.10922, "origin": [9.525, 15.8, 6.175]},
			"faces": {
				"north": {"uv": [5.53846, 6.51163, 5.84615, 6.51163], "texture": "#13"},
				"east": {"uv": [5.53846, 6.51163, 6.46154, 6.51163], "texture": "#13"},
				"south": {"uv": [5.53846, 6.51163, 5.84615, 6.51163], "texture": "#13"},
				"west": {"uv": [5.53846, 6.51163, 6.46154, 6.51163], "texture": "#13"},
				"up": {"uv": [6.46154, 7.06977, 6.15385, 6.51163], "texture": "#13"},
				"down": {"uv": [5.84615, 7.06977, 5.53846, 7.62791], "texture": "#13"}
			}
		},
		{
			"from": [10.525, 15.8, 10.175],
			"to": [11.525, 15.8, 11.175],
			"rotation": {"x": 23.30737, "y": 43.69954, "z": 121.10922, "origin": [9.525, 15.8, 6.175]},
			"faces": {
				"north": {"uv": [5.53846, 6.51163, 5.84615, 6.51163], "texture": "#13"},
				"east": {"uv": [5.53846, 6.51163, 5.84615, 6.51163], "texture": "#13"},
				"south": {"uv": [5.53846, 6.51163, 5.84615, 6.51163], "texture": "#13"},
				"west": {"uv": [5.53846, 6.51163, 5.84615, 6.51163], "texture": "#13"},
				"up": {"uv": [6.76923, 6.69767, 6.46154, 6.51163], "texture": "#13"},
				"down": {"uv": [6.15385, 7.06977, 5.84615, 7.25581], "texture": "#13"}
			}
		},
		{
			"from": [10.525, 15.8, 7.175],
			"to": [11.525, 15.8, 8.175],
			"rotation": {"x": 23.30737, "y": 43.69954, "z": 121.10922, "origin": [9.525, 15.8, 6.175]},
			"faces": {
				"north": {"uv": [5.53846, 6.51163, 5.84615, 6.51163], "texture": "#13"},
				"east": {"uv": [5.53846, 6.51163, 5.84615, 6.51163], "texture": "#13"},
				"south": {"uv": [5.53846, 6.51163, 5.84615, 6.51163], "texture": "#13"},
				"west": {"uv": [5.53846, 6.51163, 5.84615, 6.51163], "texture": "#13"},
				"up": {"uv": [6.76923, 6.88372, 6.46154, 6.69767], "texture": "#13"},
				"down": {"uv": [6.46154, 7.06977, 6.15385, 7.25581], "texture": "#13"}
			}
		},
		{
			"from": [9.2, 16, 10.2],
			"to": [10.6, 16.3, 10.7],
			"rotation": {"x": 0, "y": -15, "z": -90, "origin": [8.9, 16.1, 8.2]},
			"faces": {
				"north": {"uv": [0.30769, 9.67442, 0.61538, 9.86047], "texture": "#13"},
				"east": {"uv": [0.30769, 9.86047, 0.61538, 10.04651], "texture": "#13"},
				"south": {"uv": [0.61538, 9.67442, 0.92308, 9.86047], "texture": "#13"},
				"west": {"uv": [0.61538, 9.86047, 0.92308, 10.04651], "texture": "#13"},
				"up": {"uv": [0.61538, 10.23256, 0.30769, 10.04651], "texture": "#13"},
				"down": {"uv": [1.23077, 9.67442, 0.92308, 9.86047], "texture": "#13"}
			}
		},
		{
			"from": [8.9, 16.1, 8.2],
			"to": [10.9, 16.2, 10.2],
			"rotation": {"x": 0, "y": -30, "z": -90, "origin": [8.9, 16.1, 8.2]},
			"faces": {
				"north": {"uv": [5.53846, 9.67442, 6.15385, 9.67442], "texture": "#13"},
				"east": {"uv": [5.53846, 9.67442, 6.15385, 9.67442], "texture": "#13"},
				"south": {"uv": [5.53846, 9.67442, 6.15385, 9.67442], "texture": "#13"},
				"west": {"uv": [5.53846, 9.67442, 6.15385, 9.67442], "texture": "#13"},
				"up": {"uv": [6.15385, 10.04651, 5.53846, 9.67442], "texture": "#13"},
				"down": {"uv": [6.15385, 10.04651, 5.53846, 10.4186], "texture": "#13"}
			}
		}
	],
	"gui_light": "front",
	"display": {
		"thirdperson_righthand": {
			"rotation": [31.75, 0, 0],
			"translation": [0.25, 2.25, 1],
			"scale": [0.76367, 0.76367, 0.76367]
		},
		"firstperson_righthand": {
			"rotation": [-39.25, 0, 0],
			"translation": [2, 1.25, 0],
			"scale": [0.67188, 0.67188, 0.67188]
		},
		"ground": {
			"translation": [0, 2.25, 0],
			"scale": [0.53906, 0.53906, 0.53906]
		},
		"gui": {
			"rotation": [-114.97, -46.95, -122.44],
			"translation": [-1.25, -2.75, 0],
			"scale": [0.77148, 0.77148, 0.77148]
		},
		"fixed": {
			"rotation": [0, 90, 0]
		},
		"on_shelf": {
			"rotation": [-180, -90, -180]
		}
	},
	"groups": [
		{
			"name": "group",
			"origin": [0, 0, 0],
			"color": 0,
			"children": [
				0,
				1,
				2,
				3,
				4,
				5,
				6,
				7,
				8,
				9,
				10,
				11,
				12,
				13,
				14,
				{
					"name": "group",
					"origin": [0, 0, 0],
					"color": 0,
					"children": [15, 16, 17, 18]
				},
				{
					"name": "group",
					"origin": [0, 0, 0],
					"color": 0,
					"children": [19, 20]
				}
			]
		}
	]
}